Name;Altname;RA;Decl;Constellation;Type;Magnitude;SurfaceBrightness;Diameter;Position Angle;Page;ContrastReserve;OptimalMagnification;Seen;Last Seen
NGC 40;Caldwell 2 - H400 1 - PK 120+09.01;00h13m01s;72d31m20s;Cepheus;Planetary nebula;10.7;13.7;0.8'x0.8';;7;-;-;XS(101/22);
NGC 129;H400 2 - OCL 294 - Cr 2;00h30m00s;60d13m06s;Cassiopeia;Open cluster;6.5;12.9;21.0'x21.0';;15;-;-;XS(90/9);
NGC 136;H400 3 - OCL 295 - Cr 4;00h31m31s;61d30m33s;Cassiopeia;Open cluster;11.5;11.6;1.2'x1.2';;15;-;-;XS(53/7);
NGC 157;H400 4 - MCG -02-02-056;00h34m46s;-08d23m48s;Cetus;Galaxy;10.2;12.6;4.1'x2.7';40;75;-;-;XS(40/6);
NGC 185;Caldwell 18 - H400 5 - UGC 396;00h38m58s;48d20m12s;Cassiopeia;Galaxy;9.3;14.3;12.5'x10.4';35;27;-;-;XS(121/20);
M 110;H400 6 - NGC 205;00h40m22s;41d41m05s;Andromeda;Galaxy;7.9;13.5;19.5'x11.5';170;27;-;-;XS(293/18);
NGC 225;H400 7 - OCL 305 - Sailboat Cluster - Cr 7;00h43m36s;61d46m00s;Cassiopeia;Open cluster;7.0;12.1;12.0'x12.0';;15;-;-;XS(79/8);
NGC 246;Caldwell 56 - H400 8 - PK 118-74.01;00h47m04s;-11d52m22s;Cetus;Planetary nebula;10.3;13.1;4.1'x4.1';;75;-;-;XS(80/10);
NGC 247;Caldwell 62 - H400 9 - ESO 540-22;00h47m08s;-20d45m38s;Cetus;Galaxy;8.9;13.8;21.0'x5.6';174;75;-;-;XS(57/7);
NGC 253;Caldwell 65 - H400 10 - ESO 474-29 - Sculptor Galaxy - Silver Coin Galaxy;00h47m33s;-25d17m17s;Sculptor;Galaxy;7.2;12.4;26.4'x6.0';52;87;-;-;XS(89/14);
NGC 278;H400 11 - UGC 528;00h52m05s;47d33m01s;Cassiopeia;Galaxy;10.7;12.3;2.4'x2.4';;27;-;-;XS(82/15);
NGC 288;H400 12 - ESO 474-SC37 - Mel 3;00h52m46s;-26d35m12s;Sculptor;Globular cluster;8.1;13.3;12.4'x12.4';;87;-;-;XS(57/7);
NGC 381;H400 13 - OCL 317 - Cr 10;01h08m24s;61d34m54s;Cassiopeia;Open cluster;9.3;12.9;6.0'x6.0';;15;-;-;XS(64/6);
NGC 404;H400 14 - UGC 718 - Mirach's Ghost;01h09m27s;35d43m04s;Andromeda;Galaxy;10.0;12.8;4.3'x3.9';;39;-;-;XS(130/17);
NGC 436;H400 15 - OCL 320 - Mel 6 - Cr 11;01h15m58s;58d49m02s;Cassiopeia;Open cluster;8.8;12.4;6.0'x6.0';;15;-;-;XS(73/8);
NGC 457;Caldwell 13 - H400 16 - OCL 321 - Dragonfly Cluster - ET Cluster - Owl Cluster - Phi Cassiopeiae Cluster - Mel 7 - Cr 12;01h19m33s;58d17m27s;Cassiopeia;Open cluster;6.4;11.7;13.0'x13.0';;15;-;-;XS(179/24);
NGC 488;H400 17 - UGC 907;01h21m47s;05d15m19s;Pisces;Galaxy;10.4;13.5;5.4'x3.9';15;63;-;-;XS(40/8);
NGC 524;H400 18 - UGC 968;01h24m48s;09d32m17s;Pisces;Galaxy;10.3;12.6;3.2'x3.2';;51;-;-;XS(41/6);
NGC 559;Caldwell 8 - H400 19 - OCL 322 - Cr 13;01h29m31s;63d18m41s;Cassiopeia;Open cluster;9.5;12.5;4.4'x4.4';;15;-;-;XS(54/7);
NGC 584;H400 20 - IC 1712;01h31m20s;-06d52m04s;Cetus;Galaxy;10.4;12.0;2.8'x1.9';61;63;-;-;XS(38/6);
NGC 596;H400 21 - MCG -01-05-005;01h32m52s;-07d01m57s;Cetus;Galaxy;10.8;12.5;2.8'x2.1';40;75;-;-;XS(32/4);
M 33;H400 22 - NGC 598 - Triangulum Galaxy - Triangulum Pinwheel Galaxy;01h33m52s;30d39m27s;Triangulum;Galaxy;5.5;13.9;68.7'x41.6';23;39;-;-;XS(372/33);
NGC 613;H400 23 - ESO 413-11;01h34m18s;-29d25m09s;Sculptor;Galaxy;9.9;13.0;5.2'x4.3';120;87;-;-;XS(26/2);
NGC 615;H400 24 - MCG -01-05-008;01h35m06s;-07d20m27s;Cetus;Galaxy;11.7;13.1;3.4'x1.4';155;75;-;-;XS(32/5);
NGC 637;H400 25 - OCL 329 - Cr 17;01h43m03s;64d02m12s;Cassiopeia;Open cluster;8.2;10.7;3.5'x3.5';;15;-;-;XS(64/8);
M 76;H400 26 - NGC 650 - Barbell Nebula - Cork Nebula - Little Dumbbell Nebula;01h42m21s;51d34m07s;Perseus;Planetary nebula;10.0;9.9;1.1'x1.1';;27;-;-;XS(223/30);
NGC 654;H400 27 - OCL 330 - Mel 9 - Cr 18;01h43m59s;61d52m58s;Cassiopeia;Open cluster;6.5;9.7;5.0'x5.0';;15;-;-;XS(98/7);
NGC 659;H400 28 - OCL 332 - Mel 10 - Cr 19;01h44m23s;60d40m09s;Cassiopeia;Open cluster;7.9;11.1;5.0'x5.0';;15;-;-;XS(82/9);
NGC 663;Caldwell 10 - H400 29 - OCL 333 - Mel 11 - Cr 20 - Diamond Cluster;01h46m02s;61d14m06s;Cassiopeia;Open cluster;7.1;12.9;16.0'x16.0';;15;-;-;XS(152/18);
NGC 720;H400 30 - MCG -02-05-068;01h53m00s;-13d44m21s;Cetus;Galaxy;10.2;12.4;4.4'x2.2';135;75;-;-;XS(30/5);
NGC 752;Caldwell 28 - H400 31 - OCL 363 - Mel 12 - Cr 23;01h57m42s;37d47m00s;Andromeda;Open cluster;5.7;13.9;50'x50';;27;-;-;XS(125/10);
NGC 772;H400 32 - UGC 1466;01h59m20s;19d00m25s;Aries;Galaxy;10.3;13.8;7.5'x4.3';130;51;-;-;XS(113/11);
NGC 779;H400 33 - MCG -01-06-016;01h59m43s;-05d57m53s;Cetus;Galaxy;11.1;12.6;4.1'x1.2';160;63;-;-;XS(31/4);
NGC 869;H400 34 - OCL 350 - h Persei - Mel 13 - Cr 24 - Markarian 4 - Caldwell 14a;02h19m04s;57d08m06s;Perseus;Open cluster;5.3;12.4;30.0'x30.0';;15;-;-;XS(283/17);
NGC 884;Caldwell 14b - H400 35 - OCL 353 - Chi Persei - Mel 14 - Cr 25 - Markarian 5;02h22m32s;57d08m39s;Perseus;Open cluster;6.1;13.2;30.0'x30.0';;15;-;-;XS(278/10);
NGC 891;Caldwell 23 - H400 36 - UGC 1831 - Silver Sliver Galaxy;02h22m33s;42d20m48s;Andromeda;Galaxy;9.9;13.6;13.1'x2.8';22;26;-;-;XS(205/23);
NGC 908;H400 37 - ESO 545-11;02h23m05s;-21d14m02s;Cetus;Galaxy;10.1;12.9;6.1'x2.7';75;74;-;-;XS(28/4);
NGC 936;H400 38 - UGC 1929;02h27m38s;-01d09m25s;Cetus;Galaxy;10.1;12.9;4.3'x3.8';135;62;-;-;XS(44/7);
NGC 1022;H400 39 - MCG -01-07-025;02h38m32s;-06d40m41s;Cetus;Galaxy;11.2;13.0;2.6'x2.5';;62;-;-;XS(33/3);
NGC 1023;H400 40 - UGC 2154;02h40m24s;39d03m46s;Perseus;Galaxy;9.5;12.8;8.1'x3.4';87;26;-;-;XS(131/17);
NGC 1027;H400 41 - OCL 357 - Mel 16 - Mel 16 - Cr 30;02h42m35s;61d35m40s;Cassiopeia;Open cluster;6.7;12.9;20.0'x20.0';;15;-;-;XS(62/7);
NGC 1052;H400 42 - MCG -01-07-034;02h41m05s;-08d15m19s;Cetus;Galaxy;10.4;12.0;2.8'x2.0';120;74;-;-;XS(37/5);
NGC 1055;H400 43 - UGC 2173;02h41m45s;00d26m32s;Cetus;Galaxy;10.6;13.7;7.6'x3.0';105;62;-;-;XS(61/5);
NGC 1084;H400 44 - MCG -01-08-007;02h46m00s;-07d34m42s;Eridanus;Galaxy;10.6;12.5;3.5'x2.1';34;74;-;-;XS(30/4);
NGC 1245;H400 45 - OCL 389 - Mel 18 - Cr 38;03h14m41s;47d14m19s;Perseus;Open cluster;8.4;13.1;10.0'x10.0';;26;-;-;XS(70/9);
NGC 1342;H400 46 - OCL 401 - Mel 21 - Cr 40;03h31m40s;37d22m28s;Perseus;Open cluster;6.7;12.2;14.0'x14.0';;26;-;-;XS(64/9);
NGC 1407;H400 47 - ESO 548-67;03h40m12s;-18d34m51s;Eridanus;Galaxy;9.7;12.8;4.9'x4.5';35;74;-;-;XS(27/3);
NGC 1444;H400 48 - OCL 394 - Cr 43 - Markarian 9;03h49m23s;52d39m44s;Perseus;Open cluster;6.6;9.4;4.0'x4.0';;14;-;-;XS(53/6);
NGC 1501;H400 49 - PK 144+06.01;04h07m01s;60d55m03s;Camelopardalis;Planetary nebula;11.8;11.2;0.9'x0.9';;14;-;-;XS(88/12);
NGC 1502;H400 50 - OCL 383 - Cr 45 - Golden Harp Cluster - Markarian 10;04h07m49s;62d19m54s;Camelopardalis;Open cluster;6.9;11.2;8.0'x8.0';;14;-;-;XS(86/13);
NGC 1513;H400 51 - OCL 398 - Cr 46;04h09m55s;49d31m02s;Perseus;Open cluster;8.4;12.9;9.0'x9.0';;25;-;-;XS(59/5);
NGC 1528;H400 52 - OCL 397 - Mel 23 - Cr 47;04h15m19s;51d12m41s;Perseus;Open cluster;6.4;13.0;24.0'x24.0';;25;-;-;XS(95/8);
NGC 1535;H400 53 - PK 206-40.01 - Cleopatra's Eye;04h14m17s;-12d44m11s;Eridanus;Planetary nebula;9.3;6.8;21.0''x21.0'';;73;-;-;XS(57/9);
NGC 1545;H400 54 - OCL 399 - Cr 49;04h20m56s;50d15m19s;Perseus;Open cluster;6.2;12.2;18.0'x18.0';;25;-;-;XS(70/5);
NGC 1647;H400 55 - OCL 457 - Cr 54 - Mel 26;04h45m56s;19d05m42s;Taurus;Open cluster;6.4;14.4;45'x45';;49;-;-;XS(93/6);
NGC 1664;H400 56 - OCL 411 - Cr 56 - Mel 27;04h51m05s;43d40m34s;Auriga;Open cluster;7.6;13.6;18.0'x18.0';;25;-;-;XS(78/4);
NGC 1788;H400 57 - LBN 916;05h06m54s;-03d21m00s;Orion;Reflection nebula;0.0;0.0;4.0'x2.0';105;61;-;-;XS(52/8);
NGC 1817;H400 58 - OCL 463 - Cr 60;05h12m15s;16d41m24s;Taurus;Open cluster;7.7;13.5;16.0'x16.0';;49;-;-;XS(74/4);
NGC 1857;H400 59 - OCL 428 - Cr 61 - Mel 32;05h20m07s;39d20m36s;Auriga;Open cluster;7.0;10.6;10.0'x6.0';;25;-;-;XS(67/3);
NGC 1907;H400 60 - OCL 434 - Cr 66 - Mel 35;05h28m05s;35d19m32s;Auriga;Open cluster;8.2;12.2;7.0'x7.0';;37;-;-;XS(112/6);
NGC 1931;H400 61 - OCL 441 - Stock 9;05h31m27s;34d12m51s;Auriga;H-II;0.0;0.0;3.0'x3.0';;37;-;-;XS(69/11);
NGC 1961;H400 62 - IC 2133 - Arp 184;05h42m04s;69d22m41s;Camelopardalis;Galaxy;10.9;13.5;4.5'x3.1';85;6;-;-;XS(34/4);
NGC 1964;H400 63 - ESO 554-10;05h33m22s;-21d56m45s;Lepus;Galaxy;10.8;13.2;5.5'x2.1';32;73;-;-;XS(29/5);
NGC 1980;H400 64 - OCL 529;05h35m26s;-05d54m37s;Orion;Cluster with nebulosity;0.0;0.0;14.0'x14.0';;61;-;-;XS(60/7);
NGC 1999;H400 65 - LBN 979;05h36m30s;-06d43m00s;Orion;Reflection nebula and H-II;0.0;0.0;2.0'x2.0';;61;-;-;XS(63/11);
NGC 2022;H400 66 - PK 196-10.01;05h42m06s;09d05m18s;Orion;Planetary nebula;11.5;8.8;19.0''x19.0'';;49;-;-;XS(93/11);
NGC 2024;H400 67 - Ced 55p - Flame Nebula - Orion B - Tank tracks;05h42m00s;-01d50m00s;Orion;Reflection nebula and H-II;0.0;0.0;14.0'x12.0';80;61;-;-;XS(97/6);
NGC 2126;H400 68 - OCL 418 - Cr 78 - Mel 39;06h02m33s;49d51m57s;Auriga;Open cluster;10.2;13.8;6.0'x6.0';;24;-;-;XS(50/3);
NGC 2129;H400 69 - OCL 467 - Cr 77;06h00m42s;23d19m04s;Gemini;Open cluster;6.7;10.7;7.0'x7.0';;36;-;-;XS(60/3);
NGC 2158;H400 70 - OCL 468 - Cr 81 - Mel 40;06h07m26s;24d05m46s;Gemini;Open cluster;8.6;11.8;5.0'x5.0';;36;-;-;XS(172/6);
NGC 2169;H400 71 - OCL 481 - 37 Cluster - LE Cluster - Cr 83;06h08m24s;13d57m53s;Orion;Open cluster;5.9;9.9;7.0'x7.0';;48;-;-;XS(90/10);
NGC 2185;H400 72 - LBN 997 - Ced 70;06h11m00s;-06d13m37s;Monoceros;Reflection nebula;12.9;0.0;5.0'x3.0';;60;-;-;XS(28/1);
NGC 2186;H400 73 - OCL 498 - Cr 85;06h12m07s;05d27m31s;Orion;Open cluster;8.7;11.5;4.0'x4.0';;60;-;-;XS(46/3);
NGC 2194;H400 74 - OCL 495 - Cr 87 - Mel 43;06h13m46s;12d48m24s;Orion;Open cluster;8.5;13.2;10.0'x10.0';;48;-;-;XS(52/4);
NGC 2204;H400 75 - OCL 572 - Cr 88 - Mel 44;06h15m32s;-18d39m57s;Canis Major;Open cluster;8.6;13.9;13.0'x13.0';;72;-;-;XS(25/4);
NGC 2215;H400 76 - OCL 550 - Cr 90 - Mel 45;06h20m49s;-07d17m02s;Monoceros;Open cluster;8.4;13.3;11.0'x11.0';;72;-;-;XS(44/3);
NGC 2232;H400 77 - OCL 545 - Cr 93;06h28m01s;-04d50m51s;Monoceros;Open cluster;3.9;11.0;30.0'x30.0';;60;-;-;XS(52/5);
NGC 2244;Caldwell 50 - H400 78 - NGC 2239 - Cr 99 - Rosette Cluster - Mel 47 - Markarian 15;06h31m55s;04d56m35s;Monoceros;Open cluster;3.8;10.4;24.0'x24.0';;60;-;-;XS(128/9);
NGC 2251;H400 79 - OCL 499 - Cr 101;06h34m38s;08d21m59s;Monoceros;Open cluster;7.3;12.0;10.0'x10.0';;48;-;-;XS(43/2);
NGC 2264;H400 80 - OCL 495 - Christmas Tree Cluster - X-mas Tree Cluster - Cr 112 - Mel 49 - Markarian 16 - Mel 49 - Lund 246 - XMAS TREE CL;06h40m58s;09d53m42s;Monoceros;Cluster with nebulosity;3.9;0.0;39'x20.0';;48;-;-;XS(113/13);
NGC 2266;H400 81 - OCL 471 - Cr 113 - Mel 50;06h43m19s;26d58m10s;Gemini;Open cluster;9.5;13.5;7.0'x7.0';;36;-;-;XS(58/4);
NGC 2281;H400 82 - OCL 446 - Cr 116 - Mel 51;06h48m18s;41d04m44s;Auriga;Open cluster;5.4;11.0;15.0'x15.0';;24;-;-;XS(61/4);
NGC 2286;H400 83 - OCL 548 - Cr 117;06h47m40s;-03d08m52s;Monoceros;Open cluster;7.5;13.1;15.0'x15.0';;60;-;-;XS(33/4);
NGC 2301;H400 84 - OCL 540 - Cr 119 - Great bird of the galaxy - Mel 54;06h51m45s;00d27m33s;Monoceros;Open cluster;6.0;11.1;12.0'x12.0';;60;-;-;XS(55/5);
NGC 2304;H400 85 - OCL 484 - Cr 120 - Mel 55;06h55m12s;17d59m19s;Gemini;Open cluster;10.0;13.2;5.0'x5.0';;48;-;-;XS(44/2);
NGC 2311;H400 86 - OCL 553 - Cr 123;06h57m47s;-04d36m41s;Monoceros;Open cluster;9.6;13.6;7.0'x7.0';;60;-;-;XS(34/2);
NGC 2324;H400 87 - OCL 542 - Cr 125 - Mel 59;07h04m08s;01d02m41s;Monoceros;Open cluster;8.4;12.7;8.0'x8.0';;60;-;-;XS(34/3);
NGC 2335;H400 88 - OCL 562 - Cr 127 - Mel 60;07h06m49s;-10d01m43s;Monoceros;Open cluster;7.2;12.3;12.0'x12.0';;72;-;-;XS(39/3);
NGC 2343;H400 89 - OCL 565 - Cr 128;07h08m07s;-10d37m00s;Monoceros;Open cluster;6.7;10.7;7.0'x7.0';;72;-;-;XS(42/3);
NGC 2353;H400 90 - OCL 567 - Cr 130 - Mel 62;07h14m30s;-10d15m57s;Monoceros;Open cluster;7.1;13.3;20.0'x20.0';;72;-;-;XS(37/3);
NGC 2354;H400 91 - OCL 639 - Cr 131;07h14m15s;-25d41m33s;Canis Major;Open cluster;6.5;12.7;20.0'x20.0';;84;-;-;XS(28/3);
NGC 2355;H400 92 - NGC 2356 - Cr 133 - Mel 63;07h16m59s;13d45m00s;Gemini;Open cluster;8.7;13.2;9.0'x9.0';;48;-;-;XS(46/3);
NGC 2360;Caldwell 58 - H400 93 - OCL 589 - Cr 134 - Mel 64;07h17m43s;-15d38m29s;Canis Major;Open cluster;7.2;12.5;13.0'x13.0';;72;-;-;XS(46/3);
NGC 2362;Caldwell 64 - H400 94 - OCL 633 - Mexican Jumping Star - Tau CMa cluster - Cr 136 - Mel 65 - Markarian 17;07h18m41s;-24d57m15s;Canis Major;Open cluster;4.1;8.4;8.0'x8.0';;84;-;-;XS(55/7);
NGC 2371/2;NGC 2372 - NGC 2371 - H400 96 - H400 95 - Gemini Nebula - NGC 2371-72 - ARO 45 - PK 189+19.01 - VV 37 - VV ' 61;07h25m36s;29d30m00s;Gemini;Planetary nebula;12.0;11.6;;;36;-;-;XS(98/17);
NGC 2392;Caldwell 39 - H400 97 - PK 197+17.01 - Clown Nebula - Clown Face Nebula - Eskimo Nebula;07h29m11s;20d54m37s;Gemini;Planetary nebula;9.1;6.4;19.5''x19.5'';;48;-;-;XS(214/34);
NGC 2395;H400 98 - OCL 502 - Cr 144;07h27m13s;13d36m30s;Gemini;Open cluster;8.0;13.1;12.0'x12.0';;48;-;-;XS(45/4);
NGC 2403;Caldwell 7 - H400 99 - UGC 3918;07h36m51s;65d36m04s;Camelopardalis;Galaxy;8.1;13.9;23.4'x11.8';127;13;-;-;XS(84/17);
NGC 2419;Caldwell 25 - H400 100 - GCL 12 - Intergalactic Tramp - Intergalactic Wanderer;07h38m08s;38d52m55s;Lynx;Globular cluster;10.4;14.1;6.2'x6.2';;24;-;-;XS(84/14);
NGC 2420;H400 101 - OCL 488 - Cr 154 - Mel 69;07h38m24s;21d34m27s;Gemini;Open cluster;8.3;13.0;10.0'x10.0';;48;-;-;XS(63/3);
NGC 2421;H400 102 - OCL 626 - Cr 151 - Mel 67;07h36m12s;-20d36m44s;Puppis;Open cluster;8.3;13.0;10.0'x10.0';;72;-;-;XS(19/2);
M 47;H400 103 - NGC 2422 - OCL 596 - NGC 2478 - Cr 152 - Mel 68;07h36m36s;-14d29m00s;Puppis;Open cluster;4.4;11.5;29.0'x29.0';;72;-;-;XS(171/13);
NGC 2423;H400 104 - OCL 592 - Cr 153 - Mel 70;07h37m07s;-13d52m17s;Puppis;Open cluster;6.7;12.8;19.0'x19.0';;72;-;-;XS(37/2);
NGC 2438;H400 105 - PK 231+04.02;07h41m50s;-14d44m08s;Puppis;Planetary nebula;11.4;11.3;1.1'x1.1';;72;-;-;XS(96/9);
NGC 2440;H400 106 - PK 234+02.01;07h41m55s;-18d12m33s;Puppis;Planetary nebula;9.1;6.0;16.0''x16.0'';;72;-;-;XS(32/3);
NGC 2479;H400 107 - OCL 623 - Tr 8 - Cr 167;07h55m06s;-17d42m28s;Puppis;Open cluster;9.6;13.6;7.0'x7.0';;72;-;-;XS(19/3);
NGC 2482;H400 108 - OCL 653 - Cr 166;07h55m10s;-24d15m17s;Puppis;Open cluster;7.3;12.4;12.0'x12.0';;84;-;-;XS(22/3);
NGC 2489;H400 109 - OCL 690 - Cr 169 - Mel 79;07h56m16s;-30d03m51s;Puppis;Open cluster;7.0;10.2;5.0'x5.0';;84;-;-;XS(17/3);
NGC 2506;Caldwell 54 - H400 110 - OCL 593 - Cr 170 - Mel 80;08h00m02s;-10d46m11s;Monoceros;Open cluster;7.6;11.6;7.0'x7.0';;71;-;-;XS(36/3);
NGC 2509;H400 111 - OCL 630 - Cr 171 - Mel 81;08h00m48s;-19d03m02s;Puppis;Open cluster;9.3;13.6;8.0'x8.0';;71;-;-;XS(18/3);
NGC 2527;H400 112 - NGC 2520 - Cr 174;08h04m58s;-28d08m48s;Puppis;Open cluster;5.5;12.0;22.0'x22.0';;83;-;-;XS(23/5);
NGC 2539;H400 113 - OCL 611 - Cr 176 - Mel 83;08h10m37s;-12d49m14s;Puppis;Open cluster;6.5;13.0;22.0'x22.0';;71;-;-;XS(28/3);
M 48;H400 114 - NGC 2548 - Cr 179 - Mel 85;08h13m43s;-05d45m02s;Hydra;Open cluster;5.8;14.2;54'x54';;59;-;-;XS(129/8);
NGC 2567;H400 115 - OCL 708 - Cr 180 - Mel 86;08h18m32s;-30d38m24s;Puppis;Open cluster;7.0;11.9;11.0'x11.0';;83;-;-;XS(14/3);
NGC 2571;H400 116 - OCL 701 - Cr 181;08h18m56s;-29d44m57s;Puppis;Open cluster;7.0;12.3;13.0'x13.0';;83;-;-;XS(15/3);
NGC 2613;H400 117 - ESO 495-18;08h33m23s;-22d58m24s;Pyxis;Galaxy;10.4;12.8;7.1'x1.6';113;83;-;-;XS(19/5);
NGC 2627;H400 118 - OCL 714 - Cr 188 - Mel 87;08h37m15s;-29d57m01s;Pyxis;Open cluster;8.4;13.3;11.0'x11.0';;83;-;-;XS(16/3);
NGC 2655;H400 119 - UGC 4637 - Arp 225;08h55m38s;78d13m23s;Camelopardalis;Galaxy;10.0;13.0;4.9'x4.1';85;5;-;-;XS(50/9);
NGC 2681;H400 120 - UGC 4645;08h53m32s;51d18m45s;Ursa Major;Galaxy;10.1;12.7;3.7'x3.7';;23;-;-;XS(43/9);
NGC 2683;H400 121 - UGC 4641;08h52m41s;33d25m10s;Lynx;Galaxy;9.7;12.8;8.8'x2.5';44;35;-;-;XS(81/19);
NGC 2742;H400 122;09h07m33s;60d28m44s;Ursa Major;Galaxy;11.4;12.8;3.0'x1.5';87;12;-;-;XS(33/5);
NGC 2768;H400 123 - UGC 4821;09h11m37s;60d02m09s;Ursa Major;Galaxy;9.9;13.7;8.2'x5.3';95;12;-;-;XS(42/6);
NGC 2775;Caldwell 48 - H400 124 - UGC 4820;09h10m20s;07d02m12s;Cancer;Galaxy;10.3;13.1;4.5'x3.6';155;47;-;-;XS(47/5);
NGC 2782;H400 125 - UGC 4862 - Arp 215;09h14m05s;40d06m47s;Lynx;Galaxy;11.4;13.5;3.7'x2.4';40;23;-;-;XS(27/5);
NGC 2787;H400 126 - UGC 4914;09h19m18s;69d12m11s;Ursa Major;Galaxy;10.8;12.4;3.1'x1.8';117;5;-;-;XS(39/6);
NGC 2811;H400 127 - MCG -03-24-003;09h16m11s;-16d18m47s;Hydra;Galaxy;11.4;11.6;2.2'x0.7';20;71;-;-;XS(19/4);
NGC 2841;H400 128 - UGC 4966;09h22m02s;50d58m33s;Ursa Major;Galaxy;9.3;12.6;7.7'x3.6';147;23;-;-;XS(61/11);
NGC 2859;H400 129 - UGC 5001;09h24m19s;34d30m46s;Leo Minor;Galaxy;10.8;13.4;4.0'x3.6';85;35;-;-;XS(40/5);
NGC 2903;H400 130 - UGC 5079;09h32m10s;21d29m55s;Leo;Galaxy;8.8;13.1;12.0'x5.6';17;47;-;-;XS(191/31);
NGC 2950;H400 131 - UGC 5176;09h42m35s;58d51m03s;Ursa Major;Galaxy;10.9;12.4;2.7'x1.8';145;12;-;-;XS(33/4);
NGC 2964;H400 132 - UGC 5183;09h42m54s;31d50m47s;Leo;Galaxy;11.2;12.7;3.0'x1.7';97;35;-;-;XS(40/6);
NGC 2974;H400 133 - MCG +00-25-008;09h42m33s;-03d41m59s;Sextans;Galaxy;10.9;12.8;3.4'x2.1';42;59;-;-;XS(20/4);
NGC 2976;H400 134 - UGC 5221;09h47m15s;67d55m01s;Ursa Major;Galaxy;10.1;13.1;6.2'x3.1';143;5;-;-;XS(74/9);
NGC 2985;H400 135 - UGC 5253;09h50m21s;72d16m41s;Ursa Major;Galaxy;10.4;13.1;4.6'x3.4';175;5;-;-;XS(43/6);
M 82;H400 136 - NGC 3034 - Cigar Galaxy - Ursa Major A - Arp 337;09h55m54s;69d40m57s;Ursa Major;Galaxy;8.6;12.7;10.5'x5.1';65;5;-;-;XS(446/56);
NGC 3077;H400 137 - UGC 5398;10h03m20s;68d44m04s;Ursa Major;Galaxy;10.0;13.2;5.2'x4.7';45;5;-;-;XS(129/16);
NGC 3079;H400 138 - UGC 5387;10h01m58s;55d40m51s;Ursa Major;Galaxy;10.7;13.0;8.1'x1.3';165;12;-;-;XS(55/10);
NGC 3115;Caldwell 53 - H400 139 - MCG -01-26-018 - Spindle Galaxy;10h05m14s;-07d43m07s;Sextans;Galaxy;9.1;12.3;7.3'x3.4';43;70;-;-;XS(52/13);
NGC 3147;H400 140 - UGC 5532;10h16m53s;73d23m59s;Draco;Galaxy;10.6;13.3;4.3'x3.7';155;5;-;-;XS(50/7);
NGC 3166;H400 141 - UGC 5516;10h13m45s;03d25m31s;Sextans;Galaxy;10.4;12.5;4.8'x1.9';87;58;-;-;XS(37/5);
NGC 3169;H400 142 - UGC 5525;10h14m15s;03d27m59s;Sextans;Galaxy;10.3;12.8;4.2'x2.9';45;58;-;-;XS(37/6);
NGC 3184;H400 143 - UGC 5557;10h18m17s;41d25m22s;Ursa Major;Galaxy;9.5;13.6;7.6'x7.4';135;22;-;-;XS(67/8);
NGC 3190;H400 144 - UGC 5559 - Hickson 44A;10h18m06s;21d49m56s;Leo;Galaxy;11.1;12.8;4.0'x1.5';125;46;-;-;XS(82/16);
NGC 3193;H400 145 - UGC 5562 - Hickson 44B;10h18m25s;21d53m36s;Leo;Galaxy;10.8;12.8;2.9'x2.8';;46;-;-;XS(81/13);
NGC 3198;H400 146 - UGC 5572;10h19m55s;45d32m58s;Ursa Major;Galaxy;10.1;13.3;8.1'x3.0';35;22;-;-;XS(36/6);
NGC 3226;H400 147 - UGC 5617;10h23m27s;19d53m49s;Leo;Galaxy;11.4;13.0;2.5'x2.2';15;46;-;-;XS(76/12);
NGC 3227;H400 148 - UGC 5620;10h23m30s;19d51m53s;Leo;Galaxy;10.4;13.9;6.6'x5.0';155;46;-;-;XS(75/8);
NGC 3242;Caldwell 59 - H400 149 - PK 261+32.01 - CBS Eye - Eye Nebula - Ghost of Jupiter - Jupiter's Ghost;10h24m46s;-18d38m38s;Hydra;Planetary nebula;7.3;6.2;0.8'x0.6';;70;-;-;XS(77/14);
NGC 3245;H400 150 - UGC 5663;10h27m18s;28d30m26s;Leo Minor;Galaxy;10.7;12.8;3.5'x2.4';177;34;-;-;XS(43/4);
NGC 3277;H400 151 - UGC 5731;10h32m55s;28d30m42s;Leo Minor;Galaxy;11.6;12.8;2.1'x1.8';;34;-;-;XS(34/5);
NGC 3294;H400 152 - UGC 5753;10h36m16s;37d19m27s;Leo Minor;Galaxy;11.2;12.9;3.4'x1.8';122;22;-;-;XS(32/4);
NGC 3310;H400 153 - UGC 5786 - Arp 217;10h38m46s;53d30m10s;Ursa Major;Galaxy;10.6;12.5;2.8'x2.6';;12;-;-;XS(37/5);
NGC 3344;H400 154 - UGC 5840;10h43m31s;24d55m20s;Leo Minor;Galaxy;9.7;13.7;7.1'x6.8';;34;-;-;XS(48/4);
NGC 3377;H400 155 - UGC 5899;10h47m42s;13d59m07s;Leo;Galaxy;10.2;12.6;4.3'x2.6';35;46;-;-;XS(61/6);
M 105;H400 156 - NGC 3379;10h47m50s;12d34m50s;Leo;Galaxy;9.5;12.8;5.3'x4.8';60;46;-;-;XS(192/28);
NGC 3384;H400 157 - NGC 3371;10h48m17s;12d37m41s;Leo;Galaxy;9.9;12.6;5.4'x2.7';53;46;-;-;XS(125/20);
NGC 3395;H400 158 - UGC 5931;10h49m50s;32d58m51s;Leo Minor;Galaxy;11.7;11.9;1.7'x0.9';50;34;-;-;XS(44/11);
NGC 3412;H400 159 - UGC 5952;10h50m53s;13d24m44s;Leo;Galaxy;10.4;12.4;3.7'x2.2';155;46;-;-;XS(54/4);
NGC 3414;H400 160 - UGC 5959 - Arp 162;10h51m16s;27d58m28s;Leo Minor;Galaxy;10.9;13.3;3.6'x3.1';25;34;-;-;XS(39/4);
NGC 3432;H400 161 - UGC 5986;10h52m31s;36d37m06s;Leo Minor;Galaxy;11.1;13.4;6.6'x1.6';38;34;-;-;XS(38/11);
NGC 3486;H400 162 - UGC 6079;11h00m24s;28d58m30s;Leo Minor;Galaxy;10.2;13.7;6.8'x4.8';80;34;-;-;XS(33/4);
NGC 3489;H400 163 - UGC 6082;11h00m18s;13d54m01s;Leo;Galaxy;10.1;12.1;3.6'x2.2';70;46;-;-;XS(40/6);
NGC 3504;H400 164 - UGC 6118;11h03m11s;27d58m21s;Leo Minor;Galaxy;10.8;12.6;2.7'x2.5';;34;-;-;XS(32/4);
NGC 3521;H400 165 - UGC 6150;11h05m49s;-00d02m15s;Leo;Galaxy;9.2;13.4;11.2'x5.4';163;58;-;-;XS(46/10);
M 108;H400 166 - NGC 3556;11h11m29s;55d40m20s;Ursa Major;Galaxy;10.6;13.6;8.6'x2.4';;12;-;-;XS(239/26);
NGC 3593;H400 167 - UGC 6272;11h14m37s;12d49m04s;Leo;Galaxy;10.9;13.2;4.9'x2.1';92;46;-;-;XS(55/2);
NGC 3607;H400 168 - UGC 6297;11h16m54s;18d03m06s;Leo;Galaxy;9.9;12.8;4.6'x4.0';120;46;-;-;XS(73/10);
NGC 3608;H400 169 - UGC 6299;11h16m59s;18d08m51s;Leo;Galaxy;10.7;13.0;3.5'x3.0';75;46;-;-;XS(68/8);
NGC 3610;H400 170 - UGC 6319;11h18m25s;58d47m10s;Ursa Major;Galaxy;10.7;12.4;2.5'x2.5';;12;-;-;XS(39/4);
NGC 3613;H400 171 - UGC 6323;11h18m36s;58d00m00s;Ursa Major;Galaxy;10.8;12.7;3.6'x2.0';102;12;-;-;XS(32/3);
NGC 3619;H400 172 - UGC 6330;11h19m21s;57d45m28s;Ursa Major;Galaxy;11.4;13.5;3.5'x2.4';25;12;-;-;XS(28/3);
NGC 3621;H400 173 - ESO 377-37 - Frame galaxy;11h18m16s;-32d48m42s;Hydra;Galaxy;9.4;13.8;12.4'x5.7';159;82;-;-;XS(23/3);
NGC 3626;Caldwell 40 - H400 174 - NGC 3632;11h20m03s;18d21m22s;Leo;Galaxy;10.8;12.8;3.2'x2.4';157;46;-;-;XS(46/4);
NGC 3628;H400 175 - UGC 6350;11h20m17s;13d35m22s;Leo;Galaxy;9.6;13.4;13.1'x3.1';104;46;-;-;XS(208/23);
NGC 3631;H400 176 - UGC 6360 - Arp 27;11h21m03s;53d10m09s;Ursa Major;Galaxy;10.1;13.3;5.0'x4.8';;12;-;-;XS(34/6);
NGC 3640;H400 177 - UGC 6368;11h21m07s;03d14m03s;Leo;Galaxy;10.3;13.2;4.5'x4.0';100;58;-;-;XS(33/3);
NGC 3655;H400 178 - UGC 6396;11h22m55s;16d35m21s;Leo;Galaxy;11.6;11.8;1.5'x1.0';30;46;-;-;XS(36/4);
NGC 3665;H400 179 - UGC 6426;11h24m44s;38d45m45s;Ursa Major;Galaxy;10.7;13.0;3.5'x3.0';30;22;-;-;XS(25/4);
NGC 3675;H400 180 - UGC 6439;11h26m08s;43d35m09s;Ursa Major;Galaxy;10.0;13.1;6.2'x3.6';178;22;-;-;XS(24/4);
NGC 3686;H400 181 - UGC 6460;11h27m44s;17d13m22s;Leo;Galaxy;11.2;13.1;3.1'x2.4';15;46;-;-;XS(51/8);
NGC 3726;H400 182 - UGC 6537;11h33m21s;47d01m38s;Ursa Major;Galaxy;10.1;13.3;6.0'x4.1';10;22;-;-;XS(29/5);
NGC 3729;H400 183 - UGC 6547;11h33m49s;53d07m33s;Ursa Major;Galaxy;11.0;12.6;2.9'x1.9';15;12;-;-;XS(35/5);
NGC 3810;H400 184 - UGC 6644;11h40m58s;11d28m11s;Leo;Galaxy;10.6;13.0;4.1'x2.7';15;46;-;-;XS(38/4);
NGC 3813;H400 185 - UGC 6651;11h41m19s;36d32m46s;Ursa Major;Galaxy;11.5;12.0;2.0'x1.0';87;34;-;-;XS(20/3);
NGC 3877;H400 186 - UGC 6745;11h46m07s;47d29m38s;Ursa Major;Galaxy;11.2;13.0;5.3'x1.2';35;22;-;-;XS(43/6);
NGC 3893;H400 187 - UGC 6778;11h48m38s;48d42m39s;Ursa Major;Galaxy;10.1;12.4;4.5'x2.4';165;22;-;-;XS(37/5);
NGC 3898;H400 188 - UGC 6787;11h49m15s;56d05m03s;Ursa Major;Galaxy;10.7;12.9;3.8'x2.6';107;12;-;-;XS(29/4);
NGC 3900;H400 189 - UGC 6786;11h49m09s;27d01m16s;Leo;Galaxy;11.3;13.0;3.5'x1.8';2;34;-;-;XS(31/6);
NGC 3912;H400 190;11h50m05s;26d28m47s;Leo;Galaxy;12.6;12.7;1.5'x0.9';5;34;-;-;XS(29/5);
NGC 3938;H400 191 - UGC 6856;11h52m49s;44d07m15s;Ursa Major;Galaxy;10.1;13.4;5.1'x5.0';;22;-;-;XS(25/3);
NGC 3941;H400 192 - UGC 6857;11h52m55s;36d59m11s;Ursa Major;Galaxy;10.3;12.4;3.5'x2.5';10;34;-;-;XS(25/5);
NGC 3945;H400 193 - UGC 6860;11h53m14s;60d40m29s;Ursa Major;Galaxy;10.4;13.1;5.0'x3.0';160;12;-;-;XS(30/3);
NGC 3949;H400 194 - UGC 6869;11h53m41s;47d51m34s;Ursa Major;Galaxy;10.6;12.1;2.9'x1.7';120;22;-;-;XS(30/3);
NGC 3953;H400 195 - UGC 6870;11h53m48s;52d19m28s;Ursa Major;Galaxy;9.8;13.0;6.9'x3.6';13;12;-;-;XS(46/6);
NGC 3962;H400 196 - MCG -02-30-040;11h54m40s;-13d58m31s;Crater;Galaxy;10.6;12.8;3.4'x2.8';15;70;-;-;XS(19/4);
NGC 3982;H400 197 - UGC 6918;11h56m28s;55d07m28s;Ursa Major;Galaxy;11.1;12.5;2.3'x2.0';;12;-;-;XS(41/5);
M 109;H400 198 - NGC 3992;11h57m35s;53d22m23s;Ursa Major;Galaxy;9.8;13.3;7.5'x4.4';68;12;-;-;XS(180/17);
NGC 3998;H400 199 - UGC 6946;11h57m56s;55d27m12s;Ursa Major;Galaxy;10.6;12.3;2.7'x2.3';140;12;-;-;XS(42/6);
NGC 4026;H400 200 - UGC 6985;11h59m25s;50d57m41s;Ursa Major;Galaxy;10.7;12.3;4.7'x1.2';178;22;-;-;XS(30/4);
NGC 4027;H400 201 - ESO 572-37;11h59m30s;-19d15m59s;Corvus;Galaxy;11.0;13.0;3.3'x2.4';167;70;-;-;XS(31/6);
NGC 4030;H400 202 - UGC 6993;12h00m23s;-01d06m04s;Virgo;Galaxy;10.6;13.2;4.2'x3.2';27;57;-;-;XS(26/3);
NGC 4036;H400 203 - UGC 7005;12h01m27s;61d53m44s;Ursa Major;Galaxy;10.5;12.4;4.0'x1.8';85;11;-;-;XS(32/4);
NGC 4038;Caldwell 60 - H400 204 - ESO 572-47;12h01m53s;-18d51m54s;Corvus;Galaxy;10.3;12.1;3.4'x2.0';80;69;-;-;XS(58/9);
NGC 4041;H400 205 - UGC 7014;12h02m12s;62d08m11s;Ursa Major;Galaxy;11.1;13.0;2.7'x2.6';;11;-;-;XS(33/5);
NGC 4051;H400 206 - UGC 7030;12h03m10s;44d31m53s;Ursa Major;Galaxy;10.0;13.2;5.3'x4.4';135;21;-;-;XS(35/4);
NGC 4085;H400 207 - UGC 7075;12h05m23s;50d21m10s;Ursa Major;Galaxy;11.9;12.4;2.5'x0.8';78;21;-;-;XS(40/6);
NGC 4088;H400 208 - UGC 7081 - Arp 18;12h05m34s;50d32m24s;Ursa Major;Galaxy;10.3;12.7;5.6'x2.1';43;21;-;-;XS(69/11);
NGC 4102;H400 209 - UGC 7096;12h06m23s;52d42m37s;Ursa Major;Galaxy;11.3;12.8;3.1'x1.7';38;11;-;-;XS(28/5);
NGC 4111;H400 210 - UGC 7103;12h07m03s;43d03m58s;Canes Venatici;Galaxy;10.7;12.1;4.6'x1.0';150;21;-;-;XS(55/10);
NGC 4143;H400 211 - UGC 7142;12h09m36s;42d32m02s;Canes Venatici;Galaxy;10.8;12.4;2.9'x1.9';144;21;-;-;XS(29/4);
NGC 4147;H400 212 - NGC 4153;12h10m06s;18d32m31s;Coma Berenices;Globular cluster;9.3;12.1;4.1'x4.1';;45;-;-;XS(51/7);
NGC 4150;H400 213 - UGC 7165;12h10m34s;30d24m05s;Coma Berenices;Galaxy;11.4;12.6;2.3'x1.6';147;33;-;-;XS(26/4);
NGC 4151;H400 214 - UGC 7166;12h10m32s;39d24m22s;Canes Venatici;Galaxy;10.2;13.8;6.8'x5.3';50;21;-;-;XS(35/9);
NGC 4179;H400 215 - UGC 7214;12h12m52s;01d17m57s;Virgo;Galaxy;10.9;12.5;4.2'x1.3';143;57;-;-;XS(24/5);
NGC 4203;H400 216 - UGC 7256;12h15m05s;33d11m49s;Coma Berenices;Galaxy;10.7;13.1;3.5'x3.2';10;33;-;-;XS(36/6);
NGC 4214;H400 217 - NGC 4228;12h15m39s;36d19m37s;Canes Venatici;Galaxy;9.2;13.4;8.4'x7.2';155;33;-;-;XS(47/5);
NGC 4216;H400 218 - UGC 7284 - Silver Streak galaxy;12h15m54s;13d08m50s;Virgo;Galaxy;10.3;12.9;7.8'x1.8';19;45;-;-;XS(57/11);
NGC 4245;H400 219 - UGC 7328;12h17m37s;29d36m25s;Coma Berenices;Galaxy;11.3;13.3;3.3'x2.4';165;33;-;-;XS(32/4);
NGC 4251;H400 220 - UGC 7338;12h18m08s;28d10m29s;Coma Berenices;Galaxy;10.6;12.7;3.6'x2.5';100;33;-;-;XS(34/6);
M 106;H400 221 - NGC 4258;12h18m58s;47d18m23s;Canes Venatici;Galaxy;8.3;13.2;17.4'x6.6';150;21;-;-;XS(197/27);
NGC 4261;H400 222 - UGC 7360;12h19m23s;05d49m26s;Virgo;Galaxy;10.4;13.0;3.8'x3.5';160;57;-;-;XS(25/3);
NGC 4273;H400 223 - UGC 7380;12h19m56s;05d20m35s;Virgo;Galaxy;11.6;12.7;2.3'x1.5';10;57;-;-;XS(25/5);
NGC 4274;H400 224 - UGC 7377;12h19m51s;29d36m47s;Coma Berenices;Galaxy;10.4;13.2;6.8'x2.4';102;33;-;-;XS(46/9);
NGC 4278;H400 225 - UGC 7386;12h20m07s;29d16m47s;Coma Berenices;Galaxy;10.1;12.8;4.0'x3.9';;33;-;-;XS(42/9);
NGC 4281;H400 226 - UGC 7389;12h20m21s;05d23m09s;Virgo;Galaxy;11.3;12.7;3.0'x1.6';88;57;-;-;XS(25/4);
NGC 4293;H400 227 - UGC 7405;12h21m13s;18d22m56s;Coma Berenices;Galaxy;10.2;12.9;5.5'x2.9';72;45;-;-;XS(35/4);
M 61;H400 228 - NGC 4303;12h21m55s;04d28m20s;Virgo;Galaxy;9.3;13.0;6.5'x5.9';;57;-;-;XS(119/19);
NGC 4314;H400 229 - UGC 7443;12h22m32s;29d53m43s;Coma Berenices;Galaxy;10.5;13.1;3.9'x3.7';;33;-;-;XS(35/6);
NGC 4346;H400 230 - UGC 7463;12h23m28s;46d59m36s;Canes Venatici;Galaxy;11.3;12.6;3.2'x1.3';99;21;-;-;XS(31/5);
NGC 4350;H400 231 - UGC 7473;12h23m58s;16d41m34s;Coma Berenices;Galaxy;11.0;12.4;2.9'x1.6';28;45;-;-;XS(37/6);
NGC 4361;H400 232 - ESO 573-PN19;12h24m31s;-18d47m09s;Corvus;Planetary nebula;10.9;10.8;1.1'x1.1';;69;-;-;XS(52/8);
NGC 4365;H400 233 - UGC 7488;12h24m28s;07d19m01s;Virgo;Galaxy;9.6;13.1;6.5'x4.9';40;45;-;-;XS(29/3);
NGC 4371;H400 234 - UGC 7493;12h24m55s;11d42m13s;Virgo;Galaxy;10.9;13.1;4.0'x2.3';95;45;-;-;XS(29/3);
NGC 4394;H400 235 - UGC 7523;12h25m56s;18d12m49s;Coma Berenices;Galaxy;10.8;13.1;3.4'x3.2';160;45;-;-;XS(60/7);
NGC 4414;H400 236 - UGC 7539;12h26m27s;31d13m23s;Coma Berenices;Galaxy;10.3;12.2;3.6'x2.0';155;33;-;-;XS(36/8);
NGC 4419;H400 237 - UGC 7551;12h26m56s;15d02m50s;Coma Berenices;Galaxy;11.2;12.4;3.3'x1.2';133;45;-;-;XS(29/3);
NGC 4429;H400 238 - UGC 7568;12h27m26s;11d06m25s;Virgo;Galaxy;10.1;12.9;5.8'x2.8';99;45;-;-;XS(32/4);
NGC 4435;H400 239 - UGC 7575;12h27m41s;13d04m45s;Virgo;Galaxy;10.8;12.6;3.0'x2.2';13;45;-;-;XS(76/9);
NGC 4438;H400 240 - UGC 7574;12h27m46s;13d00m29s;Virgo;Galaxy;9.9;13.2;8.5'x3.0';27;45;-;-;XS(86/11);
NGC 4442;H400 241 - UGC 7583;12h28m04s;09d48m12s;Virgo;Galaxy;10.4;12.4;4.5'x1.8';87;45;-;-;XS(25/5);
NGC 4448;H400 242 - UGC 7591;12h28m16s;28d37m15s;Coma Berenices;Galaxy;11.1;12.5;3.6'x1.3';94;33;-;-;XS(31/5);
NGC 4449;Caldwell 21 - H400 243 - UGC 7592;12h28m11s;44d05m40s;Canes Venatici;Galaxy;9.0;12.4;6.2'x4.9';45;21;-;-;XS(86/16);
NGC 4450;H400 244 - UGC 7594;12h28m29s;17d05m01s;Coma Berenices;Galaxy;10.0;13.1;5.4'x4.1';175;45;-;-;XS(31/6);
NGC 4459;H400 245 - UGC 7614;12h29m00s;13d58m41s;Coma Berenices;Galaxy;10.3;12.8;4.0'x3.1';110;45;-;-;XS(49/5);
NGC 4473;H400 246 - UGC 7631;12h29m49s;13d25m45s;Coma Berenices;Galaxy;10.2;12.5;4.2'x2.6';100;45;-;-;XS(67/6);
NGC 4477;H400 247 - UGC 7638;12h30m02s;13d38m11s;Coma Berenices;Galaxy;10.4;12.9;3.7'x3.3';15;45;-;-;XS(58/5);
NGC 4478;H400 248 - UGC 7645;12h30m17s;12d19m41s;Virgo;Galaxy;11.4;12.2;1.8'x1.5';140;45;-;-;XS(56/8);
NGC 4485;H400 249 - UGC 7648;12h30m31s;41d42m01s;Canes Venatici;Galaxy;11.3;12.6;2.4'x1.8';15;21;-;-;XS(86/14);
NGC 4490;H400 250 - UGC 7651 - Cocoon Galaxy;12h30m36s;41d38m32s;Canes Venatici;Galaxy;9.5;12.5;6.4'x3.2';125;21;-;-;XS(113/23);
NGC 4494;H400 251 - UGC 7662;12h31m24s;25d46m29s;Coma Berenices;Galaxy;9.7;12.7;4.5'x4.3';;33;-;-;XS(55/11);
NGC 4526;H400 252 - NGC 4560 - Hairy Eyebrow galaxy;12h34m03s;07d41m54s;Virgo;Galaxy;9.6;12.5;7.0'x2.5';113;45;-;-;XS(52/5);
NGC 4527;H400 253 - UGC 7721;12h34m09s;02d39m10s;Virgo;Galaxy;10.5;13.1;5.9'x2.3';67;57;-;-;XS(26/4);
NGC 4535;H400 254 - UGC 7727 - McLeish's Object;12h34m20s;08d11m49s;Virgo;Galaxy;9.7;13.4;6.9'x5.4';0;45;-;-;XS(42/7);
NGC 4536;H400 255 - UGC 7732;12h34m27s;02d11m12s;Virgo;Galaxy;10.3;13.4;7.1'x3.1';130;57;-;-;XS(24/4);
NGC 4546;H400 256 - MCG -01-32-027;12h35m29s;-03d47m37s;Virgo;Galaxy;10.3;11.8;3.3'x1.6';80;57;-;-;XS(20/3);
M 91;H400 257 - NGC 4548;12h35m27s;14d29m45s;Coma Berenices;Galaxy;10.1;13.2;5.2'x4.2';150;45;-;-;XS(123/15);
NGC 4550;H400 258 - UGC 7757;12h35m30s;12d13m13s;Virgo;Galaxy;11.5;12.4;3.3'x0.9';178;45;-;-;XS(34/4);
NGC 4559;Caldwell 36 - H400 259 - UGC 7766;12h35m58s;27d57m33s;Coma Berenices;Galaxy;9.5;13.6;11.0'x4.9';150;33;-;-;XS(68/12);
NGC 4565;Caldwell 38 - H400 260 - UGC 7772 - Needle Galaxy;12h36m21s;25d59m14s;Coma Berenices;Galaxy;9.5;12.9;14.9'x2.0';136;33;-;-;XS(176/27);
NGC 4570;H400 261 - UGC 7785;12h36m53s;07d14m47s;Virgo;Galaxy;10.8;12.2;3.7'x1.2';159;45;-;-;XS(27/5);
M 104;H400 262 - NGC 4594 - Sombrero Galaxy;12h39m59s;-11d37m23s;Virgo;Galaxy;8.3;11.9;8.6'x4.2';89;69;-;-;XS(194/25);
NGC 4596;H400 263 - UGC 7828;12h39m56s;10d10m33s;Virgo;Galaxy;10.4;13.0;4.0'x3.4';135;45;-;-;XS(42/7);
NGC 4618;H400 264 - IC 3667;12h41m33s;41d09m02s;Canes Venatici;Galaxy;10.6;13.2;4.2'x3.4';25;21;-;-;XS(65/5);
NGC 4631;Caldwell 32 - H400 265 - UGC 7865 - Herring Galaxy - Herring Nebula - Whale Galaxy;12h42m08s;32d32m28s;Canes Venatici;Galaxy;9.0;12.8;15.2'x2.8';86;33;-;-;XS(152/21);
NGC 4636;H400 266 - NGC 4624?;12h42m50s;02d41m12s;Virgo;Galaxy;9.4;12.7;5.9'x4.6';150;57;-;-;XS(29/4);
NGC 4643;H400 267 - UGC 7895;12h43m20s;01d58m39s;Virgo;Galaxy;10.7;12.7;3.1'x2.5';130;57;-;-;XS(24/4);
NGC 4654;H400 268 - IC 3708;12h43m57s;13d07m33s;Virgo;Galaxy;10.3;13.0;5.0'x3.1';128;45;-;-;XS(26/3);
NGC 4656;H400 269 - UGC 7907 - Crowbar Galaxy - Hockey Stick;12h43m58s;32d10m09s;Canes Venatici;Galaxy;10.1;13.8;15.3'x2.4';33;33;-;-;XS(121/21);
NGC 4660;H400 270 - UGC 7914;12h44m32s;11d11m24s;Virgo;Galaxy;11.2;12.3;2.1'x1.7';100;45;-;-;XS(31/3);
NGC 4665;H400 271 - NGC 4624 - NGC 4664;12h45m06s;03d03m17s;Virgo;Galaxy;10.2;12.7;3.5'x3.5';;57;-;-;XS(29/4);
NGC 4666;H400 272 - UGC 7926 - Superwind-Galaxy;12h45m08s;-00d27m48s;Virgo;Galaxy;10.7;12.4;4.5'x1.4';42;57;-;-;XS(25/6);
NGC 4689;H400 273 - UGC 7965;12h47m46s;13d45m42s;Coma Berenices;Galaxy;10.7;13.6;4.7'x4.0';160;45;-;-;XS(30/4);
NGC 4697;Caldwell 52 - H400 274 - MCG -01-33-010;12h48m36s;-05d48m02s;Virgo;Galaxy;9.1;12.5;6.2'x4.5';70;57;-;-;XS(23/4);
NGC 4698;H400 275 - UGC 7970;12h48m23s;08d29m16s;Virgo;Galaxy;10.6;13.0;4.0'x2.9';170;45;-;-;XS(23/3);
NGC 4699;H400 276 - MCG -01-33-013;12h49m02s;-08d39m52s;Virgo;Galaxy;9.6;11.9;3.8'x2.8';45;69;-;-;XS(20/4);
NGC 4725;H400 277 - UGC 7989;12h50m27s;25d29m58s;Coma Berenices;Galaxy;9.2;13.6;10.4'x7.2';35;33;-;-;XS(65/11);
NGC 4753;H400 278 - UGC 8009;12h52m22s;-01d12m02s;Virgo;Galaxy;9.9;12.4;5.1'x2.6';80;57;-;-;XS(24/3);
NGC 4754;H400 279 - UGC 8010;12h52m18s;11d18m48s;Virgo;Galaxy;10.5;12.8;4.4'x2.4';23;45;-;-;XS(43/8);
NGC 4762;H400 280 - UGC 8016;12h52m56s;11d13m48s;Virgo;Galaxy;10.1;12.9;8.6'x2.0';32;45;-;-;XS(57/13);
NGC 4781;H400 281 - MCG -02-33-049;12h54m24s;-10d32m12s;Virgo;Galaxy;11.1;12.5;3.4'x1.4';120;69;-;-;XS(15/3);
NGC 4800;H400 282 - UGC 8035;12h54m38s;46d31m51s;Canes Venatici;Galaxy;11.6;12.1;1.6'x1.2';25;21;-;-;XS(27/4);
NGC 4845;H400 283 - UGC 8078 - NGC 4910;12h58m01s;01d34m30s;Virgo;Galaxy;11.2;13.0;4.9'x1.3';89;57;-;-;XS(21/3);
NGC 4856;H400 284 - MCG -02-33-078;12h59m21s;-15d02m34s;Virgo;Galaxy;10.5;12.1;3.9'x1.4';37;69;-;-;XS(17/3);
NGC 4866;H400 285 - UGC 8102;12h59m27s;14d10m15s;Virgo;Galaxy;11.0;13.2;6.4'x1.5';87;45;-;-;XS(27/4);
NGC 4900;H400 286 - UGC 8116;13h00m39s;02d30m02s;Virgo;Galaxy;11.2;12.7;2.2'x2.2';;57;-;-;XS(21/3);
NGC 4958;H400 287 - MCG -01-33-084;13h05m49s;-08d01m14s;Virgo;Galaxy;10.6;12.2;3.9'x1.4';15;69;-;-;XS(18/3);
NGC 4995;H400 288 - MCG -01-34-007;13h09m41s;-07d50m01s;Virgo;Galaxy;11.2;12.5;2.4'x1.7';92;69;-;-;XS(16/3);
NGC 5005;Caldwell 29 - H400 289 - UGC 8256;13h10m56s;37d03m29s;Canes Venatici;Galaxy;9.8;12.6;5.8'x2.9';65;21;-;-;XS(61/9);
NGC 5033;H400 290 - UGC 8307;13h13m28s;36d35m34s;Canes Venatici;Galaxy;10.0;13.6;9.8'x3.6';170;33;-;-;XS(47/5);
NGC 5054;H400 291 - MCG -03-34-039;13h16m58s;-16d38m07s;Virgo;Galaxy;10.9;13.5;5.1'x2.8';155;69;-;-;XS(16/2);
NGC 5195;H400 292 - UGC 8494;13h29m59s;47d16m01s;Canes Venatici;Galaxy;9.5;12.8;5.9'x4.6';79;21;-;-;XS(113/16);
NGC 5248;Caldwell 45 - H400 293 - UGC 8616;13h37m32s;08d53m08s;Bootes;Galaxy;10.1;13.4;5.9'x4.5';110;45;-;-;XS(35/7);
NGC 5273;H400 294 - UGC 8675;13h42m08s;35d39m12s;Canes Venatici;Galaxy;11.5;13.2;2.7'x2.2';10;33;-;-;XS(27/3);
NGC 5322;H400 295 - UGC 8745;13h49m15s;60d11m23s;Ursa Major;Galaxy;10.1;13.3;6.0'x4.1';95;11;-;-;XS(31/3);
NGC 5363;H400 296 - UGC 8847;13h56m07s;05d15m12s;Virgo;Galaxy;10.4;13.0;4.6'x3.1';135;57;-;-;XS(27/5);
NGC 5364;H400 297 - NGC 5317;13h56m12s;05d00m54s;Virgo;Galaxy;10.4;13.7;6.1'x4.2';30;57;-;-;XS(25/5);
NGC 5466;H400 298 - GCL 27 - Mel 124;14h05m27s;28d32m04s;Bootes;Globular cluster;9.0;13.6;9.2'x9.2';;32;-;-;XS(72/6);
NGC 5473;H400 299 - UGC 9011;14h04m43s;54d53m34s;Ursa Major;Galaxy;11.4;12.6;2.2'x1.7';160;11;-;-;XS(44/4);
NGC 5474;H400 300 - UGC 9013;14h05m01s;53d39m44s;Ursa Major;Galaxy;10.6;13.3;4.5'x3.3';178;11;-;-;XS(50/4);
NGC 5557;H400 301 - UGC 9161;14h18m26s;36d29m35s;Bootes;Galaxy;10.9;12.3;2.4'x1.9';105;32;-;-;XS(40/5);
NGC 5566;H400 302 - UGC 9175;14h20m20s;03d55m57s;Virgo;Galaxy;10.6;13.3;6.6'x2.3';35;56;-;-;XS(25/5);
NGC 5576;H400 303 - UGC 9183;14h21m04s;03d16m15s;Virgo;Galaxy;10.8;12.6;3.0'x2.3';95;56;-;-;XS(22/5);
NGC 5631;H400 304 - UGC 9261;14h26m33s;56d34m57s;Ursa Major;Galaxy;11.4;12.6;2.0'x2.0';;11;-;-;XS(25/3);
NGC 5634;H400 305 - GCL 28 - Mel 126;14h29m37s;-05d58m35s;Virgo;Globular cluster;9.5;12.1;3.7'x3.7';;56;-;-;XS(35/4);
NGC 5676;H400 306 - UGC 9366;14h32m46s;49d27m23s;Bootes;Galaxy;11.1;13.0;3.9'x1.8';47;20;-;-;XS(42/6);
NGC 5689;H400 307 - UGC 9399;14h35m30s;48d44m28s;Bootes;Galaxy;11.8;12.8;3.3'x1.0';85;20;-;-;XS(37/6);
NGC 5694;Caldwell 66 - H400 308 - GCL 29;14h39m36s;-26d32m18s;Hydra;Globular cluster;10.2;11.7;2.2'x2.2';;80;-;-;XS(25/5);
NGC 5746;H400 309 - UGC 9499;14h44m56s;01d57m20s;Virgo;Galaxy;10.5;12.5;6.9'x1.2';170;56;-;-;XS(45/10);
NGC 5846;H400 310 - UGC 9706;15h06m29s;01d36m17s;Virgo;Galaxy;10.1;12.8;4.0'x3.7';;56;-;-;XS(31/3);
M 102;H400 311 - NGC 5866 - Spindle Galaxy Messier;15h06m30s;55d45m47s;Draco;Galaxy;9.8;12.8;6.5'x3.1';128;10;-;-;XS(148/22);
NGC 5897;H400 312 - GCL 33 - Mel 132;15h17m24s;-21d00m37s;Libra;Globular cluster;8.5;12.9;8.7'x8.7';;68;-;-;XS(43/3);
NGC 5907;H400 313 - Splinter Galaxy;15h15m54s;56d19m47s;Draco;Galaxy;10.4;13.1;11.8'x1.3';155;10;-;-;XS(102/18);
NGC 5982;H400 314 - UGC 9961;15h38m40s;59d21m20s;Draco;Galaxy;11.0;12.7;3.0'x2.1';110;10;-;-;XS(68/12);
NGC 6118;H400 315 - UGC 10350;16h21m49s;-02d17m03s;Serpens;Galaxy;11.7;13.8;4.7'x1.9';58;55;-;-;XS(36/3);
NGC 6144;H400 316 - GCL 42 - Mel 147;16h27m14s;-26d01m29s;Scorpius;Globular cluster;9.0;12.7;6.2'x6.2';;79;-;-;XS(60/6);
M 107;H400 317 - NGC 6171 - Mel 148;16h32m32s;-13d03m13s;Ophiuchus;Globular cluster;7.9;10.2;3.3'x3.3';;67;-;-;XS(143/13);
NGC 6207;H400 318 - UGC 10521;16h43m04s;36d49m53s;Hercules;Galaxy;11.4;12.5;3.0'x1.2';15;31;-;-;XS(138/16);
NGC 6217;H400 319 - UGC 10470 - Arp 185;16h32m39s;78d11m55s;Ursa Minor;Galaxy;11.0;13.3;3.3'x3.2';;3;-;-;XS(47/5);
NGC 6229;H400 320 - GCL 47;16h46m59s;47d31m40s;Hercules;Globular cluster;9.4;12.0;3.8'x3.8';;19;-;-;XS(115/14);
NGC 6235;H400 321 - GCL 48 - Mel 154;16h53m25s;-22d10m38s;Ophiuchus;Globular cluster;10.0;11.1;1.9'x1.9';;79;-;-;XS(35/2);
NGC 6284;H400 322 - GCL 53 - Mel 162;17h04m29s;-24d45m53s;Ophiuchus;Globular cluster;8.8;10.7;2.7'x2.7';;79;-;-;XS(43/2);
NGC 6287;H400 323 - GCL 54 - Mel 163;17h05m09s;-22d42m29s;Ophiuchus;Globular cluster;9.4;11.3;2.7'x2.7';;79;-;-;XS(38/2);
NGC 6293;H400 324 - GCL 55 - Mel 164;17h10m11s;-26d34m54s;Ophiuchus;Globular cluster;8.2;10.7;3.5'x3.5';;79;-;-;XS(45/4);
NGC 6304;H400 325 - GCL 56 - Mel 165;17h14m33s;-29d27m44s;Ophiuchus;Globular cluster;8.2;10.8;3.8'x3.8';;79;-;-;XS(31/2);
NGC 6316;H400 326 - GCL 57;17h16m38s;-28d08m24s;Ophiuchus;Globular cluster;8.4;10.0;2.4'x2.4';;79;-;-;XS(28/3);
NGC 6342;H400 327 - GCL 61;17h21m10s;-19d35m14s;Ophiuchus;Globular cluster;9.7;10.0;1.3'x1.3';;67;-;-;XS(45/2);
NGC 6355;H400 328 - GCL 63 - Cr 330;17h23m59s;-26d21m13s;Ophiuchus;Globular cluster;9.1;12.8;6.1'x6.1';;79;-;-;XS(32/3);
NGC 6356;H400 329 - GCL 62 - Mel 171;17h23m35s;-17d48m47s;Ophiuchus;Globular cluster;8.3;10.8;3.5'x3.5';;67;-;-;XS(57/5);
NGC 6369;H400 330 - PK 002+05.01 - Little Ghost Nebula;17h29m21s;-23d45m32s;Ophiuchus;Planetary nebula;11.4;10.1;38.0''x38.0'';;79;-;-;XS(56/7);
NGC 6401;H400 331 - GCL 73;17h38m37s;-23d54m32s;Ophiuchus;Globular cluster;9.5;9.2;1.0'x1.0';;79;-;-;XS(29/1);
NGC 6426;H400 332 - GCL 76 - Cr 346;17h44m55s;03d10m13s;Ophiuchus;Globular cluster;11.0;12.5;2.2'x2.2';;55;-;-;XS(45/4);
NGC 6440;H400 333 - GCL 77;17h48m53s;-20d21m34s;Sagittarius;Globular cluster;9.2;10.1;1.7'x1.7';;67;-;-;XS(50/4);
NGC 6445;H400 334 - PK 008+03.01;17h49m15s;-20d00m35s;Sagittarius;Planetary nebula;10.8;9.2;33.0''x33.0'';;67;-;-;XS(54/12);
NGC 6451;H400 335 - OCL 1035 - Tom Thumb Cluster - Cr 352 - Mel 181;17h50m41s;-30d12m42s;Scorpius;Open cluster;8.0;12.0;7.0'x7.0';;79;-;-;XS(26/2);
M 20;H400 336 - NGC 6514 - Trifid Nebula - Cr 360 - Markarian 34;18h02m42s;-22d58m19s;Sagittarius;Cluster with nebulosity;6.3;13.3;28.0'x28.0';;78;-;-;XS(230/27);
NGC 6517;H400 337 - GCL 81;18h01m51s;-08d57m32s;Ophiuchus;Globular cluster;10.2;9.9;1.0'x1.0';;66;-;-;XS(38/4);
NGC 6520;H400 338 - OCL 10 - Cr 361 - Mel 187 - Markarian 35;18h03m25s;-27d53m28s;Sagittarius;Open cluster;7.6;11.2;6.0'x6.0';;78;-;-;XS(50/3);
NGC 6522;H400 339 - GCL 82;18h03m34s;-30d02m02s;Sagittarius;Globular cluster;8.3;11.8;5.6'x5.6';;78;-;-;XS(50/5);
NGC 6528;H400 340 - GCL 84;18h04m49s;-30d03m21s;Sagittarius;Globular cluster;9.6;12.2;3.7'x3.7';;78;-;-;XS(43/6);
NGC 6540;H400 341 - Cr 364;18h06m09s;-27d45m55s;Sagittarius;Globular cluster;9.3;8.6;0.8'x0.8';;78;-;-;XS(33/2);
NGC 6543;Caldwell 6 - H400 342 - Cat Eye Nebula - PK 096+29.01;17h58m33s;66d37m59s;Draco;Planetary nebula;12.7;10.0;19.5''x19.5'';;10;-;-;XS(136/26);
NGC 6544;H400 343 - GCL 87 - Cr 366 - Mel 192;18h07m21s;-24d59m51s;Sagittarius;Globular cluster;7.8;12.2;8.4'x8.4';;78;-;-;XS(64/4);
NGC 6553;H400 344 - GCL 88 - Mel 193;18h09m15s;-25d54m28s;Sagittarius;Globular cluster;8.1;10.4;3.2'x3.2';;78;-;-;XS(57/4);
NGC 6568;H400 345 - OCL 28 - Cr 369;18h12m45s;-21d35m00s;Sagittarius;Open cluster;8.6;13.9;13.0'x13.0';;66;-;-;XS(33/4);
NGC 6569;H400 346 - GCL 91 - Mel 195;18h13m39s;-31d49m35s;Sagittarius;Globular cluster;8.6;12.2;5.8'x5.8';;78;-;-;XS(29/4);
NGC 6583;H400 347 - OCL 27 - Cr 370;18h15m49s;-22d08m15s;Sagittarius;Open cluster;10.0;12.0;2.8'x2.8';;78;-;-;XS(31/4);
NGC 6624;H400 348 - GCL 93 - Mel 199;18h23m41s;-30d21m40s;Sagittarius;Globular cluster;7.9;11.5;5.9'x5.9';;78;-;-;XS(49/3);
NGC 6629;H400 349 - PK 009-05.01;18h25m43s;-23d11m59s;Sagittarius;Planetary nebula;11.1;7.9;15.5''x15.5'';;78;-;-;XS(50/5);
NGC 6633;H400 350 - OCL 90 - Cr 380 - Mel 201;18h27m15s;06d30m30s;Ophiuchus;Open cluster;4.6;11.5;27.0'x27.0';;54;-;-;XS(94/7);
NGC 6638;H400 351 - GCL 95;18h30m56s;-25d29m47s;Sagittarius;Globular cluster;9.0;10.5;2.2'x2.2';;78;-;-;XS(61/5);
NGC 6642;H400 352 - GCL 97 - Cr 381 - Mel 203;18h31m54s;-23d28m35s;Sagittarius;Globular cluster;9.1;8.4;0.8'x0.8';;78;-;-;XS(56/5);
NGC 6645;H400 353 - OCL 48 - Cr 383 - Mel 205;18h32m38s;-16d53m02s;Sagittarius;Open cluster;8.5;13.2;10.0'x10.0';;66;-;-;XS(37/5);
NGC 6664;H400 354 - OCL 68 - Cr 385 - Mel 209;18h36m42s;-08d13m00s;Scutum;Open cluster;7.8;13.6;16.0'x16.0';;66;-;-;XS(52/4);
NGC 6712;H400 355 - GCL 103 - Mel 215;18h53m04s;-08d42m22s;Scutum;Globular cluster;8.1;11.0;4.3'x4.3';;66;-;-;XS(100/5);
NGC 6755;H400 356 - OCL 96 - Cr 397;19h07m49s;04d15m59s;Aquila;Open cluster;7.5;13.1;15.0'x15.0';;54;-;-;XS(68/8);
NGC 6756;H400 357 - OCL 99 - Cr 398;19h08m42s;04d42m21s;Aquila;Open cluster;10.6;13.4;4.0'x4.0';;54;-;-;XS(60/7);
NGC 6781;H400 358 - PK 041-02.01;19h18m28s;06d32m23s;Aquila;Planetary nebula;11.0;12.0;1.8'x1.8';;54;-;-;XS(112/21);
NGC 6802;H400 359 - OCL 114;19h30m36s;20d16m00s;Vulpecula;Open cluster;8.8;11.1;3.2'x3.2';;42;-;-;XS(84/10);
NGC 6818;H400 360 - PK 025-17.01 - Little Gem;19h43m58s;-14d09m07s;Sagittarius;Planetary nebula;9.2;6.6;20.0''x20.0'';;66;-;-;XS(87/9);
NGC 6823;H400 361 - OCL 124 - Cr 405 - Markarian 42;19h43m10s;23d18m00s;Vulpecula;Open cluster;7.1;12.2;12.0'x12.0';;30;-;-;XS(81/9);
NGC 6826;Caldwell 15 - H400 362 - PK 083+12.01 - Blinking Planetary;19h44m48s;50d31m30s;Cygnus;Planetary nebula;10.0;7.9;25.0''x25.0'';;18;-;-;XS(135/24);
NGC 6830;H400 363 - OCL 125 - Cr 406 - Mel 224;19h51m00s;23d06m00s;Vulpecula;Open cluster;7.9;13.0;12.0'x12.0';;30;-;-;XS(72/7);
NGC 6834;H400 364 - OCL 134 - Cr 407 - Mel 225;19h52m12s;29d24m29s;Cygnus;Open cluster;7.8;11.0;5.0'x5.0';;30;-;-;XS(59/5);
NGC 6866;H400 365 - OCL 183 - Cr 412 - Mel 229;20h03m55s;44d09m33s;Cygnus;Open cluster;7.6;11.6;7.0'x7.0';;17;-;-;XS(67/9);
NGC 6882;H400 366 - Cr 416 - OCL 133;20h11m35s;26d32m04s;Vulpecula;Open cluster;8.1;8.7;8.0'x8.0';;29;-;-;XS(54/7);
NGC 6885;Caldwell 37 - H400 367 - Lund 933 - 20 Vulpeculae Cluster - Cr 417 - OCL 132;20h11m58s;26d29m00s;Vulpecula;Open cluster;5.7;9.7;22.0'x22.0';;29;-;-;XS(70/11);
NGC 6905;H400 368 - PK 061-09.01 - Blue Flash Nebula;20h22m22s;20d06m18s;Delphinus;Planetary nebula;10.8;9.6;0.7'x0.7';;41;-;-;XS(115/24);
NGC 6910;H400 369 - OCL 181 - Cr 420 - Rocking horse cluster - Markarian 45;20h23m12s;40d46m43s;Cygnus;Open cluster;7.4;11.7;8.0'x8.0';;17;-;-;XS(89/11);
NGC 6934;Caldwell 47 - H400 370 - GCL 117 - Mel 230;20h34m12s;07d24m15s;Delphinus;Globular cluster;8.8;12.5;6.2'x6.2';;41;-;-;XS(126/17);
NGC 6939;H400 371 - OCL 217 - Cr 423 - Mel 231;20h31m30s;60d39m43s;Cepheus;Open cluster;7.8;12.1;8.0'x8.0';;9;-;-;XS(128/7);
NGC 6940;H400 372 - OCL 141 - Cr 424 - Mel 232;20h34m27s;28d16m58s;Vulpecula;Open cluster;6.3;13.5;31'x31';;29;-;-;XS(88/9);
NGC 6946;Caldwell 12 - H400 373 - UGC 11597 - Arp 29;20h34m52s;60d09m10s;Cygnus;Galaxy;8.9;13.7;11.2'x9.8';;9;-;-;XS(145/20);
NGC 7000;Caldwell 20 - H400 374 - LBN 373 - North America Nebula;20h59m30s;44d20m00s;Cygnus;H-II;4.0;0.0;180'x100';170;17;-;-;XS(187/15);
NGC 7006;Caldwell 42 - H400 375 - GCL 119;21h01m30s;16d11m15s;Delphinus;Globular cluster;10.6;12.1;2.2'x2.2';;41;-;-;XS(113/15);
NGC 7008;H400 376 - PK 093+05.02 - Embryo Nebula;21h00m33s;54d32m29s;Cygnus;Planetary nebula;12.0;12.5;1.4'x1.4';;8;-;-;XS(120/18);
NGC 7009;Caldwell 55 - H400 377 - PK 037-34.01 - Saturn Nebula;21h04m11s;-11d21m57s;Aquarius;Planetary nebula;7.0;5.1;28.5''x28.5'';;65;-;-;XS(150/17);
NGC 7044;H400 378 - OCL 198 - Cr 433;21h13m09s;42d29m46s;Cygnus;Open cluster;11.3;15.6;6.0'x6.0';;17;-;-;XS(48/4);
NGC 7062;H400 379 - OCL 205 - Cr 434;21h23m27s;46d22m43s;Cygnus;Open cluster;8.3;12.3;7.0'x7.0';;17;-;-;XS(54/5);
NGC 7086;H400 380 - OCL 214 - Cr 437;21h30m27s;51d36m02s;Cygnus;Open cluster;8.4;12.9;9.0'x9.0';;17;-;-;XS(49/4);
NGC 7128;H400 381 - OCL 218 - Cr 440;21h43m58s;53d42m55s;Cygnus;Open cluster;9.7;11.9;3.1'x3.1';;8;-;-;XS(46/5);
NGC 7142;H400 382 - OCL 241 - Cr 442;21h45m09s;65d46m28s;Cepheus;Open cluster;9.3;12.2;4.3'x4.3';;8;-;-;XS(55/5);
NGC 7160;H400 383 - OCL 236 - Cr 443;21h53m40s;62d36m12s;Cepheus;Open cluster;6.1;10.1;7.0'x7.0';;8;-;-;XS(62/7);
NGC 7209;H400 384 - OCL 215 - Mel 238;22h05m08s;46d29m01s;Lacerta;Open cluster;7.7;14.4;25.0'x25.0';;16;-;-;XS(65/5);
NGC 7217;H400 385 - UGC 11914;22h07m52s;31d21m32s;Pegasus;Galaxy;10.2;12.8;4.0'x3.4';95;28;-;-;XS(66/13);
NGC 7243;Caldwell 16 - H400 386 - OCL 221 - Cr 448 - Mel 240;22h15m09s;49d53m51s;Lacerta;Open cluster;6.4;12.8;21.0'x21.0';;16;-;-;XS(63/5);
NGC 7296;H400 387 - OCL 228 - Cr 451;22h28m02s;52d16m24s;Lacerta;Open cluster;8.7;11.5;4.0'x4.0';;8;-;-;XS(43/7);
NGC 7331;Caldwell 30 - H400 388 - UGC 12113;22h37m05s;34d25m11s;Pegasus;Galaxy;9.5;13.3;10.2'x4.2';171;28;-;-;XS(218/29);
NGC 7380;H400 389 - OCL 244 - Cr 452 - Markarian 48;22h47m36s;58d04m00s;Cepheus;H-II;0.0;0.0;15.0'x11.0';90;8;-;-;XS(63/7);
NGC 7448;H400 390 - UGC 12294 - Arp 13;23h00m04s;15d58m46s;Pegasus;Galaxy;11.4;12.4;2.6'x1.2';170;40;-;-;XS(66/12);
NGC 7479;Caldwell 44 - H400 391 - UGC 12343;23h04m57s;12d19m18s;Pegasus;Galaxy;10.8;13.3;4.0'x3.1';25;40;-;-;XS(101/17);
NGC 7510;H400 392 - OCL 256 - Cr 454 - Markarian 49;23h11m04s;60d34m15s;Cepheus;Open cluster;7.9;10.7;4.0'x4.0';;8;-;-;XS(75/11);
NGC 7606;H400 393 - MCG -02-59-012;23h19m05s;-08d29m13s;Aquarius;Galaxy;10.7;12.9;4.2'x2.3';145;64;-;-;XS(47/6);
NGC 7662;Caldwell 22 - H400 394 - PK 106-17.01 - Blue Snowball;23h25m54s;42d32m06s;Andromeda;Planetary nebula;9.4;6.4;17.0''x17.0'';;16;-;-;YS(170/1);20150912
NGC 7686;H400 395 - OCL 251 - Cr 456;23h30m07s;49d08m03s;Andromeda;Open cluster;5.6;11.2;15.0'x15.0';;16;-;-;XS(61/7);
NGC 7723;H400 396 - MCG -02-60-005;23h38m57s;-12d57m42s;Aquarius;Galaxy;11.1;13.1;3.5'x2.2';35;64;-;-;XS(39/5);
NGC 7727;H400 397 - MCG -02-60-008 - Arp 222;23h39m54s;-12d17m36s;Aquarius;Galaxy;10.6;13.6;4.7'x4.1';35;64;-;-;XS(43/7);
NGC 7789;H400 398 - OCL 269 - Cr 460 - Mel 245;23h57m24s;56d42m30s;Cassiopeia;Open cluster;6.7;12.5;16.0'x16.0';;8;-;-;XS(161/6);
NGC 7790;H400 399 - OCL 276 - Cr 461;23h58m24s;61d12m30s;Cassiopeia;Open cluster;8.5;14.4;17.0'x17.0';;8;-;-;XS(70/7);
NGC 7814;Caldwell 43 - H400 400 - HII 399 - UGC 8;00h03m15s;16d08m41s;Pegasus;Galaxy;10.7;13.1;4.7'x2.4';135;51;-;-;XS(89/14);
